group_desc,commodity_desc,class_desc,prodn_practice_desc,statisticcat_desc,unit_desc,domain_desc,domaincat_desc
ENERGY,ENERGY,"RENEWABLE, HARVEST BIOMASS FOR PRODUCTION",ALL PRODUCTION PRACTICES,OPERATIONS,OPERATIONS,TOTAL,NOT SPECIFIED
EXPENSES,AG SERVICES,"CUSTOM SERVICES FOR LIVESTOCK, INCL MEDICAL SUPPLIES & VETERINARY",ALL PRODUCTION PRACTICES,EXPENSE,$,TOTAL,NOT SPECIFIED
EXPENSES,AG SERVICES,"CUSTOM SERVICES FOR LIVESTOCK, INCL MEDICAL SUPPLIES & VETERINARY",ALL PRODUCTION PRACTICES,EXPENSE,OPERATIONS,TOTAL,NOT SPECIFIED
EXPENSES,AG SERVICES,CUSTOMWORK,ALL PRODUCTION PRACTICES,EXPENSE,$,TOTAL,NOT SPECIFIED
EXPENSES,AG SERVICES,CUSTOMWORK,ALL PRODUCTION PRACTICES,EXPENSE,OPERATIONS,TOTAL,NOT SPECIFIED
EXPENSES,AG SERVICES,MACHINERY RENTAL,ALL PRODUCTION PRACTICES,EXPENSE,$,TOTAL,NOT SPECIFIED
EXPENSES,AG SERVICES,MACHINERY RENTAL,ALL PRODUCTION PRACTICES,EXPENSE,OPERATIONS,TOTAL,NOT SPECIFIED
EXPENSES,AG SERVICES,OTHER,ALL PRODUCTION PRACTICES,EXPENSE,$,TOTAL,NOT SPECIFIED
EXPENSES,AG SERVICES,OTHER,ALL PRODUCTION PRACTICES,EXPENSE,OPERATIONS,TOTAL,NOT SPECIFIED
EXPENSES,AG SERVICES,UTILITIES,ALL PRODUCTION PRACTICES,EXPENSE,$,TOTAL,NOT SPECIFIED
EXPENSES,AG SERVICES,UTILITIES,ALL PRODUCTION PRACTICES,EXPENSE,OPERATIONS,TOTAL,NOT SPECIFIED
EXPENSES,ANIMAL TOTALS,(EXCL BREEDING),ALL PRODUCTION PRACTICES,EXPENSE,$,TOTAL,NOT SPECIFIED
EXPENSES,ANIMAL TOTALS,(EXCL BREEDING),ALL PRODUCTION PRACTICES,EXPENSE,OPERATIONS,TOTAL,NOT SPECIFIED
EXPENSES,ANIMAL TOTALS,ALL CLASSES,ALL PRODUCTION PRACTICES,EXPENSE,$,TOTAL,NOT SPECIFIED
EXPENSES,ANIMAL TOTALS,ALL CLASSES,ALL PRODUCTION PRACTICES,EXPENSE,OPERATIONS,TOTAL,NOT SPECIFIED
EXPENSES,ANIMAL TOTALS,BREEDING,ALL PRODUCTION PRACTICES,EXPENSE,$,TOTAL,NOT SPECIFIED
EXPENSES,ANIMAL TOTALS,BREEDING,ALL PRODUCTION PRACTICES,EXPENSE,OPERATIONS,TOTAL,NOT SPECIFIED
EXPENSES,CHEMICAL TOTALS,ALL CLASSES,ALL PRODUCTION PRACTICES,EXPENSE,$,TOTAL,NOT SPECIFIED
EXPENSES,CHEMICAL TOTALS,ALL CLASSES,ALL PRODUCTION PRACTICES,EXPENSE,OPERATIONS,TOTAL,NOT SPECIFIED
EXPENSES,DEPRECIATION,ALL CLASSES,ALL PRODUCTION PRACTICES,EXPENSE,$,TOTAL,NOT SPECIFIED
EXPENSES,DEPRECIATION,ALL CLASSES,ALL PRODUCTION PRACTICES,EXPENSE,OPERATIONS,TOTAL,NOT SPECIFIED
EXPENSES,EXPENSE TOTALS,OPERATING,ALL PRODUCTION PRACTICES,EXPENSE,$,TOTAL,NOT SPECIFIED
EXPENSES,EXPENSE TOTALS,OPERATING,ALL PRODUCTION PRACTICES,EXPENSE,$ / OPERATION,TOTAL,NOT SPECIFIED
EXPENSES,EXPENSE TOTALS,OPERATING,ALL PRODUCTION PRACTICES,EXPENSE,OPERATIONS,TOTAL,NOT SPECIFIED
EXPENSES,EXPENSE TOTALS,"OPERATING, PAID BY LANDLORD",ALL PRODUCTION PRACTICES,EXPENSE,$,TOTAL,NOT SPECIFIED
EXPENSES,EXPENSE TOTALS,"OPERATING, PAID BY LANDLORD",ALL PRODUCTION PRACTICES,EXPENSE,OPERATIONS,TOTAL,NOT SPECIFIED
EXPENSES,FEED,ALL CLASSES,ALL PRODUCTION PRACTICES,EXPENSE,$,TOTAL,NOT SPECIFIED
EXPENSES,FEED,ALL CLASSES,ALL PRODUCTION PRACTICES,EXPENSE,OPERATIONS,TOTAL,NOT SPECIFIED
EXPENSES,FERTILIZER TOTALS,INCL LIME & SOIL CONDITIONERS,ALL PRODUCTION PRACTICES,EXPENSE,$,TOTAL,NOT SPECIFIED
EXPENSES,FERTILIZER TOTALS,INCL LIME & SOIL CONDITIONERS,ALL PRODUCTION PRACTICES,EXPENSE,OPERATIONS,TOTAL,NOT SPECIFIED
EXPENSES,FUELS,INCL LUBRICANTS,ALL PRODUCTION PRACTICES,EXPENSE,$,TOTAL,NOT SPECIFIED
EXPENSES,FUELS,INCL LUBRICANTS,ALL PRODUCTION PRACTICES,EXPENSE,OPERATIONS,TOTAL,NOT SPECIFIED
EXPENSES,INTEREST,ALL CLASSES,ALL PRODUCTION PRACTICES,EXPENSE,$,TOTAL,NOT SPECIFIED
EXPENSES,INTEREST,ALL CLASSES,ALL PRODUCTION PRACTICES,EXPENSE,OPERATIONS,TOTAL,NOT SPECIFIED
EXPENSES,INTEREST,NON-REAL ESTATE,ALL PRODUCTION PRACTICES,EXPENSE,$,TOTAL,NOT SPECIFIED
EXPENSES,INTEREST,NON-REAL ESTATE,ALL PRODUCTION PRACTICES,EXPENSE,OPERATIONS,TOTAL,NOT SPECIFIED
EXPENSES,INTEREST,REAL ESTATE,ALL PRODUCTION PRACTICES,EXPENSE,$,TOTAL,NOT SPECIFIED
EXPENSES,INTEREST,REAL ESTATE,ALL PRODUCTION PRACTICES,EXPENSE,OPERATIONS,TOTAL,NOT SPECIFIED
EXPENSES,LABOR,CONTRACT,ALL PRODUCTION PRACTICES,EXPENSE,$,TOTAL,NOT SPECIFIED
EXPENSES,LABOR,CONTRACT,ALL PRODUCTION PRACTICES,EXPENSE,OPERATIONS,TOTAL,NOT SPECIFIED
EXPENSES,LABOR,HIRED,ALL PRODUCTION PRACTICES,EXPENSE,$,LABOR,LABOR: (HIRED WORKERS GE 150 DAYS & LT 150 DAYS)
EXPENSES,LABOR,HIRED,ALL PRODUCTION PRACTICES,EXPENSE,$,TOTAL,NOT SPECIFIED
EXPENSES,LABOR,HIRED,ALL PRODUCTION PRACTICES,EXPENSE,OPERATIONS,TOTAL,NOT SPECIFIED
EXPENSES,LABOR,HIRED,ALL PRODUCTION PRACTICES,WORKERS,NUMBER,LABOR,LABOR: (1 HIRED WORKERS)
EXPENSES,LABOR,HIRED,ALL PRODUCTION PRACTICES,WORKERS,NUMBER,LABOR,LABOR: (10 OR MORE HIRED WORKERS)
EXPENSES,LABOR,HIRED,ALL PRODUCTION PRACTICES,WORKERS,NUMBER,LABOR,LABOR: (2 HIRED WORKERS)
EXPENSES,LABOR,HIRED,ALL PRODUCTION PRACTICES,WORKERS,NUMBER,LABOR,LABOR: (3 TO 4 HIRED WORKERS)
EXPENSES,LABOR,HIRED,ALL PRODUCTION PRACTICES,WORKERS,NUMBER,LABOR,LABOR: (5 TO 9 HIRED WORKERS)
EXPENSES,LABOR,HIRED,ALL PRODUCTION PRACTICES,WORKERS,NUMBER,TOTAL,NOT SPECIFIED
EXPENSES,LABOR,HIRED,ALL PRODUCTION PRACTICES,WORKERS,OPERATIONS,LABOR,LABOR: (1 HIRED WORKERS)
EXPENSES,LABOR,HIRED,ALL PRODUCTION PRACTICES,WORKERS,OPERATIONS,LABOR,LABOR: (10 OR MORE HIRED WORKERS)
EXPENSES,LABOR,HIRED,ALL PRODUCTION PRACTICES,WORKERS,OPERATIONS,LABOR,LABOR: (2 HIRED WORKERS)
EXPENSES,LABOR,HIRED,ALL PRODUCTION PRACTICES,WORKERS,OPERATIONS,LABOR,LABOR: (3 TO 4 HIRED WORKERS)
EXPENSES,LABOR,HIRED,ALL PRODUCTION PRACTICES,WORKERS,OPERATIONS,LABOR,LABOR: (5 TO 9 HIRED WORKERS)
EXPENSES,LABOR,HIRED,ALL PRODUCTION PRACTICES,WORKERS,OPERATIONS,LABOR,LABOR: (HIRED WORKERS GE 150 DAYS & LT 150 DAYS)
EXPENSES,LABOR,HIRED,ALL PRODUCTION PRACTICES,WORKERS,OPERATIONS,TOTAL,NOT SPECIFIED
EXPENSES,LABOR,"HIRED, GE 150 DAYS",ALL PRODUCTION PRACTICES,EXPENSE,$,LABOR,LABOR: (HIRED WORKERS GE 150 DAYS)
EXPENSES,LABOR,"HIRED, GE 150 DAYS",ALL PRODUCTION PRACTICES,WORKERS,NUMBER,LABOR,LABOR: (1 HIRED WORKERS)
EXPENSES,LABOR,"HIRED, GE 150 DAYS",ALL PRODUCTION PRACTICES,WORKERS,NUMBER,LABOR,LABOR: (10 OR MORE HIRED WORKERS)
EXPENSES,LABOR,"HIRED, GE 150 DAYS",ALL PRODUCTION PRACTICES,WORKERS,NUMBER,LABOR,LABOR: (2 HIRED WORKERS)
EXPENSES,LABOR,"HIRED, GE 150 DAYS",ALL PRODUCTION PRACTICES,WORKERS,NUMBER,LABOR,LABOR: (3 TO 4 HIRED WORKERS)
EXPENSES,LABOR,"HIRED, GE 150 DAYS",ALL PRODUCTION PRACTICES,WORKERS,NUMBER,LABOR,LABOR: (5 TO 9 HIRED WORKERS)
EXPENSES,LABOR,"HIRED, GE 150 DAYS",ALL PRODUCTION PRACTICES,WORKERS,NUMBER,LABOR,LABOR: (HIRED WORKERS GE 150 DAYS & LT 150 DAYS)
EXPENSES,LABOR,"HIRED, GE 150 DAYS",ALL PRODUCTION PRACTICES,WORKERS,NUMBER,LABOR,LABOR: (HIRED WORKERS GE 150 DAYS)
EXPENSES,LABOR,"HIRED, GE 150 DAYS",ALL PRODUCTION PRACTICES,WORKERS,NUMBER,TOTAL,NOT SPECIFIED
EXPENSES,LABOR,"HIRED, GE 150 DAYS",ALL PRODUCTION PRACTICES,WORKERS,OPERATIONS,LABOR,LABOR: (1 HIRED WORKERS)
EXPENSES,LABOR,"HIRED, GE 150 DAYS",ALL PRODUCTION PRACTICES,WORKERS,OPERATIONS,LABOR,LABOR: (10 OR MORE HIRED WORKERS)
EXPENSES,LABOR,"HIRED, GE 150 DAYS",ALL PRODUCTION PRACTICES,WORKERS,OPERATIONS,LABOR,LABOR: (2 HIRED WORKERS)
EXPENSES,LABOR,"HIRED, GE 150 DAYS",ALL PRODUCTION PRACTICES,WORKERS,OPERATIONS,LABOR,LABOR: (3 TO 4 HIRED WORKERS)
EXPENSES,LABOR,"HIRED, GE 150 DAYS",ALL PRODUCTION PRACTICES,WORKERS,OPERATIONS,LABOR,LABOR: (5 TO 9 HIRED WORKERS)
EXPENSES,LABOR,"HIRED, GE 150 DAYS",ALL PRODUCTION PRACTICES,WORKERS,OPERATIONS,LABOR,LABOR: (HIRED WORKERS GE 150 DAYS)
EXPENSES,LABOR,"HIRED, GE 150 DAYS",ALL PRODUCTION PRACTICES,WORKERS,OPERATIONS,TOTAL,NOT SPECIFIED
EXPENSES,LABOR,"HIRED, LT 150 DAYS",ALL PRODUCTION PRACTICES,EXPENSE,$,LABOR,LABOR: (HIRED WORKERS LT 150 DAYS)
EXPENSES,LABOR,"HIRED, LT 150 DAYS",ALL PRODUCTION PRACTICES,WORKERS,NUMBER,LABOR,LABOR: (1 HIRED WORKERS)
EXPENSES,LABOR,"HIRED, LT 150 DAYS",ALL PRODUCTION PRACTICES,WORKERS,NUMBER,LABOR,LABOR: (10 OR MORE HIRED WORKERS)
EXPENSES,LABOR,"HIRED, LT 150 DAYS",ALL PRODUCTION PRACTICES,WORKERS,NUMBER,LABOR,LABOR: (2 HIRED WORKERS)
EXPENSES,LABOR,"HIRED, LT 150 DAYS",ALL PRODUCTION PRACTICES,WORKERS,NUMBER,LABOR,LABOR: (3 TO 4 HIRED WORKERS)
EXPENSES,LABOR,"HIRED, LT 150 DAYS",ALL PRODUCTION PRACTICES,WORKERS,NUMBER,LABOR,LABOR: (5 TO 9 HIRED WORKERS)
EXPENSES,LABOR,"HIRED, LT 150 DAYS",ALL PRODUCTION PRACTICES,WORKERS,NUMBER,LABOR,LABOR: (HIRED WORKERS GE 150 DAYS & LT 150 DAYS)
EXPENSES,LABOR,"HIRED, LT 150 DAYS",ALL PRODUCTION PRACTICES,WORKERS,NUMBER,LABOR,LABOR: (HIRED WORKERS LT 150 DAYS)
EXPENSES,LABOR,"HIRED, LT 150 DAYS",ALL PRODUCTION PRACTICES,WORKERS,NUMBER,TOTAL,NOT SPECIFIED
EXPENSES,LABOR,"HIRED, LT 150 DAYS",ALL PRODUCTION PRACTICES,WORKERS,OPERATIONS,LABOR,LABOR: (1 HIRED WORKERS)
EXPENSES,LABOR,"HIRED, LT 150 DAYS",ALL PRODUCTION PRACTICES,WORKERS,OPERATIONS,LABOR,LABOR: (10 OR MORE HIRED WORKERS)
EXPENSES,LABOR,"HIRED, LT 150 DAYS",ALL PRODUCTION PRACTICES,WORKERS,OPERATIONS,LABOR,LABOR: (2 HIRED WORKERS)
EXPENSES,LABOR,"HIRED, LT 150 DAYS",ALL PRODUCTION PRACTICES,WORKERS,OPERATIONS,LABOR,LABOR: (3 TO 4 HIRED WORKERS)
EXPENSES,LABOR,"HIRED, LT 150 DAYS",ALL PRODUCTION PRACTICES,WORKERS,OPERATIONS,LABOR,LABOR: (5 TO 9 HIRED WORKERS)
EXPENSES,LABOR,"HIRED, LT 150 DAYS",ALL PRODUCTION PRACTICES,WORKERS,OPERATIONS,LABOR,LABOR: (HIRED WORKERS LT 150 DAYS)
EXPENSES,LABOR,"HIRED, LT 150 DAYS",ALL PRODUCTION PRACTICES,WORKERS,OPERATIONS,TOTAL,NOT SPECIFIED
EXPENSES,LABOR,MIGRANT,ALL PRODUCTION PRACTICES,WORKERS,NUMBER,LABOR,LABOR: (INCL HIRED WORKERS)
EXPENSES,LABOR,MIGRANT,ALL PRODUCTION PRACTICES,WORKERS,NUMBER,LABOR,LABOR: (ONLY CONTRACT)
EXPENSES,LABOR,MIGRANT,ALL PRODUCTION PRACTICES,WORKERS,NUMBER,TOTAL,NOT SPECIFIED
EXPENSES,LABOR,MIGRANT,ALL PRODUCTION PRACTICES,WORKERS,OPERATIONS,LABOR,LABOR: (INCL HIRED WORKERS)
EXPENSES,LABOR,MIGRANT,ALL PRODUCTION PRACTICES,WORKERS,OPERATIONS,LABOR,LABOR: (ONLY CONTRACT)
EXPENSES,LABOR,MIGRANT,ALL PRODUCTION PRACTICES,WORKERS,OPERATIONS,TOTAL,NOT SPECIFIED
EXPENSES,LABOR,UNPAID,ALL PRODUCTION PRACTICES,WORKERS,NUMBER,TOTAL,NOT SPECIFIED
EXPENSES,LABOR,UNPAID,ALL PRODUCTION PRACTICES,WORKERS,OPERATIONS,TOTAL,NOT SPECIFIED
EXPENSES,RENT,"CASH, CROPLAND",IRRIGATED,EXPENSE,$ / ACRE,TOTAL,NOT SPECIFIED
EXPENSES,RENT,"CASH, CROPLAND",NON-IRRIGATED,EXPENSE,$ / ACRE,TOTAL,NOT SPECIFIED
EXPENSES,RENT,"CASH, LAND & BUILDINGS",ALL PRODUCTION PRACTICES,EXPENSE,$,TOTAL,NOT SPECIFIED
EXPENSES,RENT,"CASH, LAND & BUILDINGS",ALL PRODUCTION PRACTICES,EXPENSE,OPERATIONS,TOTAL,NOT SPECIFIED
EXPENSES,RENT,"CASH, PASTURELAND",ALL PRODUCTION PRACTICES,EXPENSE,$ / ACRE,TOTAL,NOT SPECIFIED
EXPENSES,SEEDS,ALL CLASSES,FOR COVER CROPS,EXPENSE,$,TOTAL,NOT SPECIFIED
EXPENSES,SEEDS,ALL CLASSES,FOR COVER CROPS,EXPENSE,OPERATIONS,TOTAL,NOT SPECIFIED
EXPENSES,SEEDS & PLANTS TOTALS,ALL CLASSES,ALL PRODUCTION PRACTICES,EXPENSE,$,TOTAL,NOT SPECIFIED
EXPENSES,SEEDS & PLANTS TOTALS,ALL CLASSES,ALL PRODUCTION PRACTICES,EXPENSE,OPERATIONS,TOTAL,NOT SPECIFIED
EXPENSES,SUPPLIES & REPAIRS,(EXCL LUBRICANTS),ALL PRODUCTION PRACTICES,EXPENSE,$,TOTAL,NOT SPECIFIED
EXPENSES,SUPPLIES & REPAIRS,(EXCL LUBRICANTS),ALL PRODUCTION PRACTICES,EXPENSE,OPERATIONS,TOTAL,NOT SPECIFIED
EXPENSES,TAXES,"PROPERTY, REAL ESTATE & NON-REAL ESTATE, (EXCL PAID BY LANDLORD)",ALL PRODUCTION PRACTICES,EXPENSE,$,TOTAL,NOT SPECIFIED
EXPENSES,TAXES,"PROPERTY, REAL ESTATE & NON-REAL ESTATE, (EXCL PAID BY LANDLORD)",ALL PRODUCTION PRACTICES,EXPENSE,OPERATIONS,TOTAL,NOT SPECIFIED
FARMS & LAND & ASSETS,AG LAND,(EXCL CROPLAND & PASTURELAND & WOODLAND),ALL PRODUCTION PRACTICES,AREA,ACRES,TOTAL,NOT SPECIFIED
FARMS & LAND & ASSETS,AG LAND,(EXCL CROPLAND & PASTURELAND & WOODLAND),ALL PRODUCTION PRACTICES,AREA,OPERATIONS,TOTAL,NOT SPECIFIED
FARMS & LAND & ASSETS,AG LAND,(EXCL HARVESTED CROPLAND),IRRIGATED,AREA,ACRES,TOTAL,NOT SPECIFIED
FARMS & LAND & ASSETS,AG LAND,(EXCL HARVESTED CROPLAND),IRRIGATED,AREA,OPERATIONS,TOTAL,NOT SPECIFIED
FARMS & LAND & ASSETS,AG LAND,ALL CLASSES,ALL PRODUCTION PRACTICES,AREA,ACRES,IRRIGATION STATUS,IRRIGATION STATUS: (ANY ON OPERATION)
FARMS & LAND & ASSETS,AG LAND,ALL CLASSES,ALL PRODUCTION PRACTICES,AREA,OPERATIONS,IRRIGATION STATUS,IRRIGATION STATUS: (ANY ON OPERATION)
FARMS & LAND & ASSETS,AG LAND,ALL CLASSES,CROP INSURANCE,AREA,ACRES,TOTAL,NOT SPECIFIED
FARMS & LAND & ASSETS,AG LAND,ALL CLASSES,CROP INSURANCE,AREA,OPERATIONS,TOTAL,NOT SPECIFIED
FARMS & LAND & ASSETS,AG LAND,ALL CLASSES,IRRIGATED,AREA,ACRES,AREA OPERATED,"AREA OPERATED: (1,000 TO 1,999 ACRES)"
FARMS & LAND & ASSETS,AG LAND,ALL CLASSES,IRRIGATED,AREA,ACRES,AREA OPERATED,AREA OPERATED: (1.0 TO 9.9 ACRES)
FARMS & LAND & ASSETS,AG LAND,ALL CLASSES,IRRIGATED,AREA,ACRES,AREA OPERATED,AREA OPERATED: (10.0 TO 49.9 ACRES)
FARMS & LAND & ASSETS,AG LAND,ALL CLASSES,IRRIGATED,AREA,ACRES,AREA OPERATED,AREA OPERATED: (100 TO 139 ACRES)
FARMS & LAND & ASSETS,AG LAND,ALL CLASSES,IRRIGATED,AREA,ACRES,AREA OPERATED,AREA OPERATED: (140 TO 179 ACRES)
FARMS & LAND & ASSETS,AG LAND,ALL CLASSES,IRRIGATED,AREA,ACRES,AREA OPERATED,AREA OPERATED: (180 TO 219 ACRES)
FARMS & LAND & ASSETS,AG LAND,ALL CLASSES,IRRIGATED,AREA,ACRES,AREA OPERATED,"AREA OPERATED: (2,000 OR MORE ACRES)"
FARMS & LAND & ASSETS,AG LAND,ALL CLASSES,IRRIGATED,AREA,ACRES,AREA OPERATED,AREA OPERATED: (220 TO 259 ACRES)
FARMS & LAND & ASSETS,AG LAND,ALL CLASSES,IRRIGATED,AREA,ACRES,AREA OPERATED,AREA OPERATED: (260 TO 499 ACRES)
FARMS & LAND & ASSETS,AG LAND,ALL CLASSES,IRRIGATED,AREA,ACRES,AREA OPERATED,AREA OPERATED: (50.0 TO 69.9 ACRES)
FARMS & LAND & ASSETS,AG LAND,ALL CLASSES,IRRIGATED,AREA,ACRES,AREA OPERATED,AREA OPERATED: (500 TO 999 ACRES)
FARMS & LAND & ASSETS,AG LAND,ALL CLASSES,IRRIGATED,AREA,ACRES,AREA OPERATED,AREA OPERATED: (70.0 TO 99.9 ACRES)
FARMS & LAND & ASSETS,AG LAND,ALL CLASSES,IRRIGATED,AREA,ACRES,IRRIGATION STATUS,IRRIGATION STATUS: (IRRIGATED ONE OR MORE TIMES IN THE PAST FIVE YEARS)
FARMS & LAND & ASSETS,AG LAND,ALL CLASSES,IRRIGATED,AREA,ACRES,TOTAL,NOT SPECIFIED
FARMS & LAND & ASSETS,AG LAND,ALL CLASSES,IRRIGATED,AREA,OPERATIONS,AREA OPERATED,"AREA OPERATED: (1,000 TO 1,999 ACRES)"
FARMS & LAND & ASSETS,AG LAND,ALL CLASSES,IRRIGATED,AREA,OPERATIONS,AREA OPERATED,AREA OPERATED: (1.0 TO 9.9 ACRES)
FARMS & LAND & ASSETS,AG LAND,ALL CLASSES,IRRIGATED,AREA,OPERATIONS,AREA OPERATED,AREA OPERATED: (10.0 TO 49.9 ACRES)
FARMS & LAND & ASSETS,AG LAND,ALL CLASSES,IRRIGATED,AREA,OPERATIONS,AREA OPERATED,AREA OPERATED: (100 TO 139 ACRES)
FARMS & LAND & ASSETS,AG LAND,ALL CLASSES,IRRIGATED,AREA,OPERATIONS,AREA OPERATED,AREA OPERATED: (140 TO 179 ACRES)
FARMS & LAND & ASSETS,AG LAND,ALL CLASSES,IRRIGATED,AREA,OPERATIONS,AREA OPERATED,AREA OPERATED: (180 TO 219 ACRES)
FARMS & LAND & ASSETS,AG LAND,ALL CLASSES,IRRIGATED,AREA,OPERATIONS,AREA OPERATED,"AREA OPERATED: (2,000 OR MORE ACRES)"
FARMS & LAND & ASSETS,AG LAND,ALL CLASSES,IRRIGATED,AREA,OPERATIONS,AREA OPERATED,AREA OPERATED: (220 TO 259 ACRES)
FARMS & LAND & ASSETS,AG LAND,ALL CLASSES,IRRIGATED,AREA,OPERATIONS,AREA OPERATED,AREA OPERATED: (260 TO 499 ACRES)
FARMS & LAND & ASSETS,AG LAND,ALL CLASSES,IRRIGATED,AREA,OPERATIONS,AREA OPERATED,AREA OPERATED: (50.0 TO 69.9 ACRES)
FARMS & LAND & ASSETS,AG LAND,ALL CLASSES,IRRIGATED,AREA,OPERATIONS,AREA OPERATED,AREA OPERATED: (500 TO 999 ACRES)
FARMS & LAND & ASSETS,AG LAND,ALL CLASSES,IRRIGATED,AREA,OPERATIONS,AREA OPERATED,AREA OPERATED: (70.0 TO 99.9 ACRES)
FARMS & LAND & ASSETS,AG LAND,ALL CLASSES,IRRIGATED,AREA,OPERATIONS,IRRIGATION STATUS,IRRIGATION STATUS: (IRRIGATED ONE OR MORE TIMES IN THE PAST FIVE YEARS)
FARMS & LAND & ASSETS,AG LAND,ALL CLASSES,IRRIGATED,AREA,OPERATIONS,TOTAL,NOT SPECIFIED
FARMS & LAND & ASSETS,AG LAND,ALL CLASSES,"ORGANIC, TRANSITIONING",AREA,OPERATIONS,ORGANIC STATUS,ORGANIC STATUS: (TRANSITIONING)
FARMS & LAND & ASSETS,AG LAND,CROPLAND,ALL PRODUCTION PRACTICES,AREA,ACRES,TOTAL,NOT SPECIFIED
FARMS & LAND & ASSETS,AG LAND,CROPLAND,ALL PRODUCTION PRACTICES,AREA,OPERATIONS,TOTAL,NOT SPECIFIED
FARMS & LAND & ASSETS,AG LAND,"CROPLAND, (EXCL HARVESTED & PASTURED)",ALL PRODUCTION PRACTICES,AREA,ACRES,IRRIGATION STATUS,IRRIGATION STATUS: (ANY ON OPERATION)
FARMS & LAND & ASSETS,AG LAND,"CROPLAND, (EXCL HARVESTED & PASTURED)",ALL PRODUCTION PRACTICES,AREA,ACRES,TOTAL,NOT SPECIFIED
FARMS & LAND & ASSETS,AG LAND,"CROPLAND, (EXCL HARVESTED & PASTURED)",ALL PRODUCTION PRACTICES,AREA,OPERATIONS,IRRIGATION STATUS,IRRIGATION STATUS: (ANY ON OPERATION)
FARMS & LAND & ASSETS,AG LAND,"CROPLAND, (EXCL HARVESTED & PASTURED)",ALL PRODUCTION PRACTICES,AREA,OPERATIONS,TOTAL,NOT SPECIFIED
FARMS & LAND & ASSETS,AG LAND,"CROPLAND, (EXCL HARVESTED & PASTURED), ALL CROPS FAILED",ALL PRODUCTION PRACTICES,AREA,ACRES,TOTAL,NOT SPECIFIED
FARMS & LAND & ASSETS,AG LAND,"CROPLAND, (EXCL HARVESTED & PASTURED), ALL CROPS FAILED",ALL PRODUCTION PRACTICES,AREA,OPERATIONS,TOTAL,NOT SPECIFIED
FARMS & LAND & ASSETS,AG LAND,"CROPLAND, (EXCL HARVESTED & PASTURED), CULTIVATED SUMMER FALLOW",ALL PRODUCTION PRACTICES,AREA,ACRES,TOTAL,NOT SPECIFIED
FARMS & LAND & ASSETS,AG LAND,"CROPLAND, (EXCL HARVESTED & PASTURED), CULTIVATED SUMMER FALLOW",ALL PRODUCTION PRACTICES,AREA,OPERATIONS,TOTAL,NOT SPECIFIED
FARMS & LAND & ASSETS,AG LAND,"CROPLAND, (EXCL HARVESTED & PASTURED), IDLE",ALL PRODUCTION PRACTICES,AREA,ACRES,TOTAL,NOT SPECIFIED
FARMS & LAND & ASSETS,AG LAND,"CROPLAND, (EXCL HARVESTED & PASTURED), IDLE",ALL PRODUCTION PRACTICES,AREA,OPERATIONS,TOTAL,NOT SPECIFIED
FARMS & LAND & ASSETS,AG LAND,"CROPLAND, HARVESTED",ALL PRODUCTION PRACTICES,AREA,ACRES,AREA HARVESTED,"AREA HARVESTED: (1,000 OR MORE ACRES)"
FARMS & LAND & ASSETS,AG LAND,"CROPLAND, HARVESTED",ALL PRODUCTION PRACTICES,AREA,ACRES,AREA HARVESTED,AREA HARVESTED: (1.0 TO 9.9 ACRES)
FARMS & LAND & ASSETS,AG LAND,"CROPLAND, HARVESTED",ALL PRODUCTION PRACTICES,AREA,ACRES,AREA HARVESTED,AREA HARVESTED: (10.0 TO 19.9 ACRES)
FARMS & LAND & ASSETS,AG LAND,"CROPLAND, HARVESTED",ALL PRODUCTION PRACTICES,AREA,ACRES,AREA HARVESTED,AREA HARVESTED: (100 TO 199 ACRES)
FARMS & LAND & ASSETS,AG LAND,"CROPLAND, HARVESTED",ALL PRODUCTION PRACTICES,AREA,ACRES,AREA HARVESTED,AREA HARVESTED: (20.0 TO 29.9 ACRES)
FARMS & LAND & ASSETS,AG LAND,"CROPLAND, HARVESTED",ALL PRODUCTION PRACTICES,AREA,ACRES,AREA HARVESTED,AREA HARVESTED: (200 TO 499 ACRES)
FARMS & LAND & ASSETS,AG LAND,"CROPLAND, HARVESTED",ALL PRODUCTION PRACTICES,AREA,ACRES,AREA HARVESTED,AREA HARVESTED: (30.0 TO 49.9 ACRES)
FARMS & LAND & ASSETS,AG LAND,"CROPLAND, HARVESTED",ALL PRODUCTION PRACTICES,AREA,ACRES,AREA HARVESTED,AREA HARVESTED: (50.0 TO 99.9 ACRES)
FARMS & LAND & ASSETS,AG LAND,"CROPLAND, HARVESTED",ALL PRODUCTION PRACTICES,AREA,ACRES,AREA HARVESTED,AREA HARVESTED: (500 TO 999 ACRES)
FARMS & LAND & ASSETS,AG LAND,"CROPLAND, HARVESTED",ALL PRODUCTION PRACTICES,AREA,ACRES,AREA OPERATED,"AREA OPERATED: (1,000 TO 1,999 ACRES)"
FARMS & LAND & ASSETS,AG LAND,"CROPLAND, HARVESTED",ALL PRODUCTION PRACTICES,AREA,ACRES,AREA OPERATED,AREA OPERATED: (1.0 TO 9.9 ACRES)
FARMS & LAND & ASSETS,AG LAND,"CROPLAND, HARVESTED",ALL PRODUCTION PRACTICES,AREA,ACRES,AREA OPERATED,AREA OPERATED: (10.0 TO 49.9 ACRES)
FARMS & LAND & ASSETS,AG LAND,"CROPLAND, HARVESTED",ALL PRODUCTION PRACTICES,AREA,ACRES,AREA OPERATED,AREA OPERATED: (100 TO 139 ACRES)
FARMS & LAND & ASSETS,AG LAND,"CROPLAND, HARVESTED",ALL PRODUCTION PRACTICES,AREA,ACRES,AREA OPERATED,AREA OPERATED: (140 TO 179 ACRES)
FARMS & LAND & ASSETS,AG LAND,"CROPLAND, HARVESTED",ALL PRODUCTION PRACTICES,AREA,ACRES,AREA OPERATED,AREA OPERATED: (180 TO 219 ACRES)
FARMS & LAND & ASSETS,AG LAND,"CROPLAND, HARVESTED",ALL PRODUCTION PRACTICES,AREA,ACRES,AREA OPERATED,"AREA OPERATED: (2,000 OR MORE ACRES)"
FARMS & LAND & ASSETS,AG LAND,"CROPLAND, HARVESTED",ALL PRODUCTION PRACTICES,AREA,ACRES,AREA OPERATED,AREA OPERATED: (220 TO 259 ACRES)
FARMS & LAND & ASSETS,AG LAND,"CROPLAND, HARVESTED",ALL PRODUCTION PRACTICES,AREA,ACRES,AREA OPERATED,AREA OPERATED: (260 TO 499 ACRES)
FARMS & LAND & ASSETS,AG LAND,"CROPLAND, HARVESTED",ALL PRODUCTION PRACTICES,AREA,ACRES,AREA OPERATED,AREA OPERATED: (50.0 TO 69.9 ACRES)
FARMS & LAND & ASSETS,AG LAND,"CROPLAND, HARVESTED",ALL PRODUCTION PRACTICES,AREA,ACRES,AREA OPERATED,AREA OPERATED: (500 TO 999 ACRES)
FARMS & LAND & ASSETS,AG LAND,"CROPLAND, HARVESTED",ALL PRODUCTION PRACTICES,AREA,ACRES,AREA OPERATED,AREA OPERATED: (70.0 TO 99.9 ACRES)
FARMS & LAND & ASSETS,AG LAND,"CROPLAND, HARVESTED",ALL PRODUCTION PRACTICES,AREA,ACRES,IRRIGATION STATUS,IRRIGATION STATUS: (ANY ON OPERATION)
FARMS & LAND & ASSETS,AG LAND,"CROPLAND, HARVESTED",ALL PRODUCTION PRACTICES,AREA,ACRES,TOTAL,NOT SPECIFIED
FARMS & LAND & ASSETS,AG LAND,"CROPLAND, HARVESTED",ALL PRODUCTION PRACTICES,AREA,OPERATIONS,AREA HARVESTED,"AREA HARVESTED: (1,000 OR MORE ACRES)"
FARMS & LAND & ASSETS,AG LAND,"CROPLAND, HARVESTED",ALL PRODUCTION PRACTICES,AREA,OPERATIONS,AREA HARVESTED,AREA HARVESTED: (1.0 TO 9.9 ACRES)
FARMS & LAND & ASSETS,AG LAND,"CROPLAND, HARVESTED",ALL PRODUCTION PRACTICES,AREA,OPERATIONS,AREA HARVESTED,AREA HARVESTED: (10.0 TO 19.9 ACRES)
FARMS & LAND & ASSETS,AG LAND,"CROPLAND, HARVESTED",ALL PRODUCTION PRACTICES,AREA,OPERATIONS,AREA HARVESTED,AREA HARVESTED: (100 TO 199 ACRES)
FARMS & LAND & ASSETS,AG LAND,"CROPLAND, HARVESTED",ALL PRODUCTION PRACTICES,AREA,OPERATIONS,AREA HARVESTED,AREA HARVESTED: (20.0 TO 29.9 ACRES)
FARMS & LAND & ASSETS,AG LAND,"CROPLAND, HARVESTED",ALL PRODUCTION PRACTICES,AREA,OPERATIONS,AREA HARVESTED,AREA HARVESTED: (200 TO 499 ACRES)
FARMS & LAND & ASSETS,AG LAND,"CROPLAND, HARVESTED",ALL PRODUCTION PRACTICES,AREA,OPERATIONS,AREA HARVESTED,AREA HARVESTED: (30.0 TO 49.9 ACRES)
FARMS & LAND & ASSETS,AG LAND,"CROPLAND, HARVESTED",ALL PRODUCTION PRACTICES,AREA,OPERATIONS,AREA HARVESTED,AREA HARVESTED: (50.0 TO 99.9 ACRES)
FARMS & LAND & ASSETS,AG LAND,"CROPLAND, HARVESTED",ALL PRODUCTION PRACTICES,AREA,OPERATIONS,AREA HARVESTED,AREA HARVESTED: (500 TO 999 ACRES)
FARMS & LAND & ASSETS,AG LAND,"CROPLAND, HARVESTED",ALL PRODUCTION PRACTICES,AREA,OPERATIONS,AREA OPERATED,"AREA OPERATED: (1,000 TO 1,999 ACRES)"
FARMS & LAND & ASSETS,AG LAND,"CROPLAND, HARVESTED",ALL PRODUCTION PRACTICES,AREA,OPERATIONS,AREA OPERATED,AREA OPERATED: (1.0 TO 9.9 ACRES)
FARMS & LAND & ASSETS,AG LAND,"CROPLAND, HARVESTED",ALL PRODUCTION PRACTICES,AREA,OPERATIONS,AREA OPERATED,AREA OPERATED: (10.0 TO 49.9 ACRES)
FARMS & LAND & ASSETS,AG LAND,"CROPLAND, HARVESTED",ALL PRODUCTION PRACTICES,AREA,OPERATIONS,AREA OPERATED,AREA OPERATED: (100 TO 139 ACRES)
FARMS & LAND & ASSETS,AG LAND,"CROPLAND, HARVESTED",ALL PRODUCTION PRACTICES,AREA,OPERATIONS,AREA OPERATED,AREA OPERATED: (140 TO 179 ACRES)
FARMS & LAND & ASSETS,AG LAND,"CROPLAND, HARVESTED",ALL PRODUCTION PRACTICES,AREA,OPERATIONS,AREA OPERATED,AREA OPERATED: (180 TO 219 ACRES)
FARMS & LAND & ASSETS,AG LAND,"CROPLAND, HARVESTED",ALL PRODUCTION PRACTICES,AREA,OPERATIONS,AREA OPERATED,"AREA OPERATED: (2,000 OR MORE ACRES)"
FARMS & LAND & ASSETS,AG LAND,"CROPLAND, HARVESTED",ALL PRODUCTION PRACTICES,AREA,OPERATIONS,AREA OPERATED,AREA OPERATED: (220 TO 259 ACRES)
FARMS & LAND & ASSETS,AG LAND,"CROPLAND, HARVESTED",ALL PRODUCTION PRACTICES,AREA,OPERATIONS,AREA OPERATED,AREA OPERATED: (260 TO 499 ACRES)
FARMS & LAND & ASSETS,AG LAND,"CROPLAND, HARVESTED",ALL PRODUCTION PRACTICES,AREA,OPERATIONS,AREA OPERATED,AREA OPERATED: (50.0 TO 69.9 ACRES)
FARMS & LAND & ASSETS,AG LAND,"CROPLAND, HARVESTED",ALL PRODUCTION PRACTICES,AREA,OPERATIONS,AREA OPERATED,AREA OPERATED: (500 TO 999 ACRES)
FARMS & LAND & ASSETS,AG LAND,"CROPLAND, HARVESTED",ALL PRODUCTION PRACTICES,AREA,OPERATIONS,AREA OPERATED,AREA OPERATED: (70.0 TO 99.9 ACRES)
FARMS & LAND & ASSETS,AG LAND,"CROPLAND, HARVESTED",ALL PRODUCTION PRACTICES,AREA,OPERATIONS,IRRIGATION STATUS,IRRIGATION STATUS: (ANY ON OPERATION)
FARMS & LAND & ASSETS,AG LAND,"CROPLAND, HARVESTED",ALL PRODUCTION PRACTICES,AREA,OPERATIONS,TOTAL,NOT SPECIFIED
FARMS & LAND & ASSETS,AG LAND,"CROPLAND, HARVESTED",IRRIGATED,AREA,ACRES,TOTAL,NOT SPECIFIED
FARMS & LAND & ASSETS,AG LAND,"CROPLAND, HARVESTED",IRRIGATED,AREA,OPERATIONS,TOTAL,NOT SPECIFIED
FARMS & LAND & ASSETS,AG LAND,"CROPLAND, PASTURED ONLY",ALL PRODUCTION PRACTICES,AREA,ACRES,TOTAL,NOT SPECIFIED
FARMS & LAND & ASSETS,AG LAND,"CROPLAND, PASTURED ONLY",ALL PRODUCTION PRACTICES,AREA,OPERATIONS,TOTAL,NOT SPECIFIED
FARMS & LAND & ASSETS,AG LAND,INCL BUILDINGS,ALL PRODUCTION PRACTICES,ASSET VALUE,$,TOTAL,NOT SPECIFIED
FARMS & LAND & ASSETS,AG LAND,INCL BUILDINGS,ALL PRODUCTION PRACTICES,ASSET VALUE,$ / ACRE,TOTAL,NOT SPECIFIED
FARMS & LAND & ASSETS,AG LAND,INCL BUILDINGS,ALL PRODUCTION PRACTICES,ASSET VALUE,$ / OPERATION,TOTAL,NOT SPECIFIED
FARMS & LAND & ASSETS,AG LAND,INCL BUILDINGS,ALL PRODUCTION PRACTICES,ASSET VALUE,OPERATIONS,TOTAL,NOT SPECIFIED
FARMS & LAND & ASSETS,AG LAND,INCL BUILDINGS,ALL PRODUCTION PRACTICES,ASSET VALUE,OPERATIONS,VALUE,"VALUE: (1,000,000 TO 1,999,999 $)"
FARMS & LAND & ASSETS,AG LAND,INCL BUILDINGS,ALL PRODUCTION PRACTICES,ASSET VALUE,OPERATIONS,VALUE,"VALUE: (10,000,000 OR MORE $)"
FARMS & LAND & ASSETS,AG LAND,INCL BUILDINGS,ALL PRODUCTION PRACTICES,ASSET VALUE,OPERATIONS,VALUE,"VALUE: (100,000 TO 199,999 $)"
FARMS & LAND & ASSETS,AG LAND,INCL BUILDINGS,ALL PRODUCTION PRACTICES,ASSET VALUE,OPERATIONS,VALUE,"VALUE: (2,000,000 TO 4,999,999 $)"
FARMS & LAND & ASSETS,AG LAND,INCL BUILDINGS,ALL PRODUCTION PRACTICES,ASSET VALUE,OPERATIONS,VALUE,"VALUE: (200,000 TO 499,999 $)"
FARMS & LAND & ASSETS,AG LAND,INCL BUILDINGS,ALL PRODUCTION PRACTICES,ASSET VALUE,OPERATIONS,VALUE,"VALUE: (5,000,000 TO 9,999,999 $)"
FARMS & LAND & ASSETS,AG LAND,INCL BUILDINGS,ALL PRODUCTION PRACTICES,ASSET VALUE,OPERATIONS,VALUE,"VALUE: (50,000 TO 99,999 $)"
FARMS & LAND & ASSETS,AG LAND,INCL BUILDINGS,ALL PRODUCTION PRACTICES,ASSET VALUE,OPERATIONS,VALUE,"VALUE: (500,000 TO 999,999 $)"
FARMS & LAND & ASSETS,AG LAND,INCL BUILDINGS,ALL PRODUCTION PRACTICES,ASSET VALUE,OPERATIONS,VALUE,"VALUE: (LESS THAN 50,000 $)"
FARMS & LAND & ASSETS,AG LAND,PASTURELAND,ALL PRODUCTION PRACTICES,AREA,ACRES,TOTAL,NOT SPECIFIED
FARMS & LAND & ASSETS,AG LAND,PASTURELAND,ALL PRODUCTION PRACTICES,AREA,OPERATIONS,TOTAL,NOT SPECIFIED
FARMS & LAND & ASSETS,AG LAND,"PASTURELAND, (EXCL CROPLAND & WOODLAND)",ALL PRODUCTION PRACTICES,AREA,ACRES,TOTAL,NOT SPECIFIED
FARMS & LAND & ASSETS,AG LAND,"PASTURELAND, (EXCL CROPLAND & WOODLAND)",ALL PRODUCTION PRACTICES,AREA,OPERATIONS,TOTAL,NOT SPECIFIED
FARMS & LAND & ASSETS,AG LAND,"PASTURELAND, (EXCL WOODLAND)",ALL PRODUCTION PRACTICES,AREA,ACRES,IRRIGATION STATUS,IRRIGATION STATUS: (ANY ON OPERATION)
FARMS & LAND & ASSETS,AG LAND,"PASTURELAND, (EXCL WOODLAND)",ALL PRODUCTION PRACTICES,AREA,OPERATIONS,IRRIGATION STATUS,IRRIGATION STATUS: (ANY ON OPERATION)
FARMS & LAND & ASSETS,AG LAND,WOODLAND,ALL PRODUCTION PRACTICES,AREA,ACRES,TOTAL,NOT SPECIFIED
FARMS & LAND & ASSETS,AG LAND,WOODLAND,ALL PRODUCTION PRACTICES,AREA,OPERATIONS,TOTAL,NOT SPECIFIED
FARMS & LAND & ASSETS,AG LAND,"WOODLAND, (EXCL PASTURED)",ALL PRODUCTION PRACTICES,AREA,ACRES,TOTAL,NOT SPECIFIED
FARMS & LAND & ASSETS,AG LAND,"WOODLAND, (EXCL PASTURED)",ALL PRODUCTION PRACTICES,AREA,OPERATIONS,TOTAL,NOT SPECIFIED
FARMS & LAND & ASSETS,AG LAND,"WOODLAND, PASTURED",ALL PRODUCTION PRACTICES,AREA,ACRES,TOTAL,NOT SPECIFIED
FARMS & LAND & ASSETS,AG LAND,"WOODLAND, PASTURED",ALL PRODUCTION PRACTICES,AREA,OPERATIONS,TOTAL,NOT SPECIFIED
FARMS & LAND & ASSETS,FARM OPERATIONS,ALL CLASSES,ALL PRODUCTION PRACTICES,AREA OPERATED,ACRES,AREA OPERATED,"AREA OPERATED: (1,000 TO 1,999 ACRES)"
FARMS & LAND & ASSETS,FARM OPERATIONS,ALL CLASSES,ALL PRODUCTION PRACTICES,AREA OPERATED,ACRES,AREA OPERATED,AREA OPERATED: (1.0 TO 9.9 ACRES)
FARMS & LAND & ASSETS,FARM OPERATIONS,ALL CLASSES,ALL PRODUCTION PRACTICES,AREA OPERATED,ACRES,AREA OPERATED,AREA OPERATED: (10.0 TO 49.9 ACRES)
FARMS & LAND & ASSETS,FARM OPERATIONS,ALL CLASSES,ALL PRODUCTION PRACTICES,AREA OPERATED,ACRES,AREA OPERATED,AREA OPERATED: (100 TO 139 ACRES)
FARMS & LAND & ASSETS,FARM OPERATIONS,ALL CLASSES,ALL PRODUCTION PRACTICES,AREA OPERATED,ACRES,AREA OPERATED,AREA OPERATED: (140 TO 179 ACRES)
FARMS & LAND & ASSETS,FARM OPERATIONS,ALL CLASSES,ALL PRODUCTION PRACTICES,AREA OPERATED,ACRES,AREA OPERATED,AREA OPERATED: (180 TO 219 ACRES)
FARMS & LAND & ASSETS,FARM OPERATIONS,ALL CLASSES,ALL PRODUCTION PRACTICES,AREA OPERATED,ACRES,AREA OPERATED,"AREA OPERATED: (2,000 OR MORE ACRES)"
FARMS & LAND & ASSETS,FARM OPERATIONS,ALL CLASSES,ALL PRODUCTION PRACTICES,AREA OPERATED,ACRES,AREA OPERATED,AREA OPERATED: (220 TO 259 ACRES)
FARMS & LAND & ASSETS,FARM OPERATIONS,ALL CLASSES,ALL PRODUCTION PRACTICES,AREA OPERATED,ACRES,AREA OPERATED,AREA OPERATED: (260 TO 499 ACRES)
FARMS & LAND & ASSETS,FARM OPERATIONS,ALL CLASSES,ALL PRODUCTION PRACTICES,AREA OPERATED,ACRES,AREA OPERATED,AREA OPERATED: (50.0 TO 69.9 ACRES)
FARMS & LAND & ASSETS,FARM OPERATIONS,ALL CLASSES,ALL PRODUCTION PRACTICES,AREA OPERATED,ACRES,AREA OPERATED,AREA OPERATED: (500 TO 999 ACRES)
FARMS & LAND & ASSETS,FARM OPERATIONS,ALL CLASSES,ALL PRODUCTION PRACTICES,AREA OPERATED,ACRES,AREA OPERATED,AREA OPERATED: (70.0 TO 99.9 ACRES)
FARMS & LAND & ASSETS,FARM OPERATIONS,ALL CLASSES,ALL PRODUCTION PRACTICES,AREA OPERATED,ACRES,TOTAL,NOT SPECIFIED
FARMS & LAND & ASSETS,FARM OPERATIONS,ALL CLASSES,ALL PRODUCTION PRACTICES,AREA OPERATED,ACRES / OPERATION,TOTAL,NOT SPECIFIED
FARMS & LAND & ASSETS,FARM OPERATIONS,ALL CLASSES,ALL PRODUCTION PRACTICES,AREA OPERATED,"ACRES / OPERATION, MEDIAN",TOTAL,NOT SPECIFIED
FARMS & LAND & ASSETS,FARM OPERATIONS,ALL CLASSES,ALL PRODUCTION PRACTICES,OPERATIONS,OPERATIONS,AREA OPERATED,"AREA OPERATED: (1,000 OR MORE ACRES)"
FARMS & LAND & ASSETS,FARM OPERATIONS,ALL CLASSES,ALL PRODUCTION PRACTICES,OPERATIONS,OPERATIONS,AREA OPERATED,"AREA OPERATED: (1,000 TO 1,999 ACRES)"
FARMS & LAND & ASSETS,FARM OPERATIONS,ALL CLASSES,ALL PRODUCTION PRACTICES,OPERATIONS,OPERATIONS,AREA OPERATED,AREA OPERATED: (1.0 TO 9.9 ACRES)
FARMS & LAND & ASSETS,FARM OPERATIONS,ALL CLASSES,ALL PRODUCTION PRACTICES,OPERATIONS,OPERATIONS,AREA OPERATED,AREA OPERATED: (10.0 TO 49.9 ACRES)
FARMS & LAND & ASSETS,FARM OPERATIONS,ALL CLASSES,ALL PRODUCTION PRACTICES,OPERATIONS,OPERATIONS,AREA OPERATED,AREA OPERATED: (100 TO 139 ACRES)
FARMS & LAND & ASSETS,FARM OPERATIONS,ALL CLASSES,ALL PRODUCTION PRACTICES,OPERATIONS,OPERATIONS,AREA OPERATED,AREA OPERATED: (140 TO 179 ACRES)
FARMS & LAND & ASSETS,FARM OPERATIONS,ALL CLASSES,ALL PRODUCTION PRACTICES,OPERATIONS,OPERATIONS,AREA OPERATED,AREA OPERATED: (180 TO 219 ACRES)
FARMS & LAND & ASSETS,FARM OPERATIONS,ALL CLASSES,ALL PRODUCTION PRACTICES,OPERATIONS,OPERATIONS,AREA OPERATED,AREA OPERATED: (180 TO 499 ACRES)
FARMS & LAND & ASSETS,FARM OPERATIONS,ALL CLASSES,ALL PRODUCTION PRACTICES,OPERATIONS,OPERATIONS,AREA OPERATED,"AREA OPERATED: (2,000 OR MORE ACRES)"
FARMS & LAND & ASSETS,FARM OPERATIONS,ALL CLASSES,ALL PRODUCTION PRACTICES,OPERATIONS,OPERATIONS,AREA OPERATED,AREA OPERATED: (220 TO 259 ACRES)
FARMS & LAND & ASSETS,FARM OPERATIONS,ALL CLASSES,ALL PRODUCTION PRACTICES,OPERATIONS,OPERATIONS,AREA OPERATED,AREA OPERATED: (260 TO 499 ACRES)
FARMS & LAND & ASSETS,FARM OPERATIONS,ALL CLASSES,ALL PRODUCTION PRACTICES,OPERATIONS,OPERATIONS,AREA OPERATED,AREA OPERATED: (50 TO 179 ACRES)
FARMS & LAND & ASSETS,FARM OPERATIONS,ALL CLASSES,ALL PRODUCTION PRACTICES,OPERATIONS,OPERATIONS,AREA OPERATED,AREA OPERATED: (50.0 TO 69.9 ACRES)
FARMS & LAND & ASSETS,FARM OPERATIONS,ALL CLASSES,ALL PRODUCTION PRACTICES,OPERATIONS,OPERATIONS,AREA OPERATED,AREA OPERATED: (500 TO 999 ACRES)
FARMS & LAND & ASSETS,FARM OPERATIONS,ALL CLASSES,ALL PRODUCTION PRACTICES,OPERATIONS,OPERATIONS,AREA OPERATED,AREA OPERATED: (70.0 TO 99.9 ACRES)
FARMS & LAND & ASSETS,FARM OPERATIONS,ALL CLASSES,ALL PRODUCTION PRACTICES,OPERATIONS,OPERATIONS,NAICS CLASSIFICATION,NAICS CLASSIFICATION: (1111)
FARMS & LAND & ASSETS,FARM OPERATIONS,ALL CLASSES,ALL PRODUCTION PRACTICES,OPERATIONS,OPERATIONS,NAICS CLASSIFICATION,NAICS CLASSIFICATION: (1112)
FARMS & LAND & ASSETS,FARM OPERATIONS,ALL CLASSES,ALL PRODUCTION PRACTICES,OPERATIONS,OPERATIONS,NAICS CLASSIFICATION,NAICS CLASSIFICATION: (1113)
FARMS & LAND & ASSETS,FARM OPERATIONS,ALL CLASSES,ALL PRODUCTION PRACTICES,OPERATIONS,OPERATIONS,NAICS CLASSIFICATION,NAICS CLASSIFICATION: (1114)
FARMS & LAND & ASSETS,FARM OPERATIONS,ALL CLASSES,ALL PRODUCTION PRACTICES,OPERATIONS,OPERATIONS,NAICS CLASSIFICATION,NAICS CLASSIFICATION: (1119)
FARMS & LAND & ASSETS,FARM OPERATIONS,ALL CLASSES,ALL PRODUCTION PRACTICES,OPERATIONS,OPERATIONS,NAICS CLASSIFICATION,NAICS CLASSIFICATION: (11193 & 11194 & 11199)
FARMS & LAND & ASSETS,FARM OPERATIONS,ALL CLASSES,ALL PRODUCTION PRACTICES,OPERATIONS,OPERATIONS,NAICS CLASSIFICATION,NAICS CLASSIFICATION: (112111)
FARMS & LAND & ASSETS,FARM OPERATIONS,ALL CLASSES,ALL PRODUCTION PRACTICES,OPERATIONS,OPERATIONS,NAICS CLASSIFICATION,NAICS CLASSIFICATION: (112112)
FARMS & LAND & ASSETS,FARM OPERATIONS,ALL CLASSES,ALL PRODUCTION PRACTICES,OPERATIONS,OPERATIONS,NAICS CLASSIFICATION,NAICS CLASSIFICATION: (11212)
FARMS & LAND & ASSETS,FARM OPERATIONS,ALL CLASSES,ALL PRODUCTION PRACTICES,OPERATIONS,OPERATIONS,NAICS CLASSIFICATION,NAICS CLASSIFICATION: (1122)
FARMS & LAND & ASSETS,FARM OPERATIONS,ALL CLASSES,ALL PRODUCTION PRACTICES,OPERATIONS,OPERATIONS,NAICS CLASSIFICATION,NAICS CLASSIFICATION: (1123)
FARMS & LAND & ASSETS,FARM OPERATIONS,ALL CLASSES,ALL PRODUCTION PRACTICES,OPERATIONS,OPERATIONS,NAICS CLASSIFICATION,NAICS CLASSIFICATION: (1124)
FARMS & LAND & ASSETS,FARM OPERATIONS,ALL CLASSES,ALL PRODUCTION PRACTICES,OPERATIONS,OPERATIONS,NAICS CLASSIFICATION,NAICS CLASSIFICATION: (1125 & 1129)
FARMS & LAND & ASSETS,FARM OPERATIONS,ALL CLASSES,ALL PRODUCTION PRACTICES,OPERATIONS,OPERATIONS,TOTAL,NOT SPECIFIED
FARMS & LAND & ASSETS,FARM OPERATIONS,ALL CLASSES,AWARE OF RIGHT TO APPEAL ADVERSE DECISIONS TO USDA NAD,OPERATIONS,OPERATIONS,TOTAL,NOT SPECIFIED
FARMS & LAND & ASSETS,FARM OPERATIONS,ALL CLASSES,ORGANIC,OPERATIONS,OPERATIONS,ORGANIC STATUS,ORGANIC STATUS: (NOP USDA CERTIFIED)
FARMS & LAND & ASSETS,FARM OPERATIONS,ALL CLASSES,ORGANIC,OPERATIONS,OPERATIONS,ORGANIC STATUS,ORGANIC STATUS: (NOP USDA EXEMPT)
FARMS & LAND & ASSETS,GOVT PROGRAMS,"FEDERAL, CONSERVATION & WETLANDS",ALL PRODUCTION PRACTICES,AREA,ACRES,TOTAL,NOT SPECIFIED
FARMS & LAND & ASSETS,GOVT PROGRAMS,"FEDERAL, CONSERVATION & WETLANDS",ALL PRODUCTION PRACTICES,AREA,OPERATIONS,TOTAL,NOT SPECIFIED
FARMS & LAND & ASSETS,LAND AREA,INCL NON-AG,ALL PRODUCTION PRACTICES,AREA,ACRES,TOTAL,NOT SPECIFIED
FARMS & LAND & ASSETS,MACHINERY TOTALS,ALL CLASSES,ALL PRODUCTION PRACTICES,ASSET VALUE,$,TOTAL,NOT SPECIFIED
FARMS & LAND & ASSETS,MACHINERY TOTALS,ALL CLASSES,ALL PRODUCTION PRACTICES,ASSET VALUE,$ / OPERATION,TOTAL,NOT SPECIFIED
FARMS & LAND & ASSETS,MACHINERY TOTALS,ALL CLASSES,ALL PRODUCTION PRACTICES,ASSET VALUE,OPERATIONS,TOTAL,NOT SPECIFIED
FARMS & LAND & ASSETS,MACHINERY TOTALS,ALL CLASSES,ALL PRODUCTION PRACTICES,ASSET VALUE,OPERATIONS,VALUE,"VALUE: (10,000 TO 19,999 $)"
FARMS & LAND & ASSETS,MACHINERY TOTALS,ALL CLASSES,ALL PRODUCTION PRACTICES,ASSET VALUE,OPERATIONS,VALUE,"VALUE: (100,000 TO 199,999 $)"
FARMS & LAND & ASSETS,MACHINERY TOTALS,ALL CLASSES,ALL PRODUCTION PRACTICES,ASSET VALUE,OPERATIONS,VALUE,"VALUE: (20,000 TO 29,999 $)"
FARMS & LAND & ASSETS,MACHINERY TOTALS,ALL CLASSES,ALL PRODUCTION PRACTICES,ASSET VALUE,OPERATIONS,VALUE,"VALUE: (200,000 TO 499,999 $)"
FARMS & LAND & ASSETS,MACHINERY TOTALS,ALL CLASSES,ALL PRODUCTION PRACTICES,ASSET VALUE,OPERATIONS,VALUE,"VALUE: (30,000 TO 49,999 $)"
FARMS & LAND & ASSETS,MACHINERY TOTALS,ALL CLASSES,ALL PRODUCTION PRACTICES,ASSET VALUE,OPERATIONS,VALUE,"VALUE: (50,000 TO 69,999 $)"
FARMS & LAND & ASSETS,MACHINERY TOTALS,ALL CLASSES,ALL PRODUCTION PRACTICES,ASSET VALUE,OPERATIONS,VALUE,"VALUE: (500,000 OR MORE $)"
FARMS & LAND & ASSETS,MACHINERY TOTALS,ALL CLASSES,ALL PRODUCTION PRACTICES,ASSET VALUE,OPERATIONS,VALUE,"VALUE: (70,000 TO 99,999 $)"
FARMS & LAND & ASSETS,MACHINERY TOTALS,ALL CLASSES,ALL PRODUCTION PRACTICES,ASSET VALUE,OPERATIONS,VALUE,"VALUE: (LESS THAN 10,000 $)"
FARMS & LAND & ASSETS,"MACHINERY, OTHER",BALER,ALL PRODUCTION PRACTICES,INVENTORY,NUMBER,TOTAL,NOT SPECIFIED
FARMS & LAND & ASSETS,"MACHINERY, OTHER",BALER,ALL PRODUCTION PRACTICES,INVENTORY,OPERATIONS,TOTAL,NOT SPECIFIED
FARMS & LAND & ASSETS,"MACHINERY, OTHER","BALER, GE 5 YEARS OLD",ALL PRODUCTION PRACTICES,INVENTORY,NUMBER,TOTAL,NOT SPECIFIED
FARMS & LAND & ASSETS,"MACHINERY, OTHER","BALER, GE 5 YEARS OLD",ALL PRODUCTION PRACTICES,INVENTORY,OPERATIONS,TOTAL,NOT SPECIFIED
FARMS & LAND & ASSETS,"MACHINERY, OTHER","BALER, LT 5 YEARS OLD",ALL PRODUCTION PRACTICES,INVENTORY,NUMBER,TOTAL,NOT SPECIFIED
FARMS & LAND & ASSETS,"MACHINERY, OTHER","BALER, LT 5 YEARS OLD",ALL PRODUCTION PRACTICES,INVENTORY,OPERATIONS,TOTAL,NOT SPECIFIED
FARMS & LAND & ASSETS,PRACTICES,ALL CLASSES,HAD A BARN BUILT PRIOR TO 1960,OPERATIONS,OPERATIONS,TOTAL,NOT SPECIFIED
FARMS & LAND & ASSETS,PRACTICES,ALL CLASSES,ROTATIONAL OR MGMT INTENSIVE GRAZING,OPERATIONS,OPERATIONS,TOTAL,NOT SPECIFIED
FARMS & LAND & ASSETS,PRACTICES,"ALLEY CROPPING & SILVOPASTURE & FOREST FARMING, OR RIPARIAN FOREST BUFFERS & WINDBREAKS",ALL PRODUCTION PRACTICES,AREA,OPERATIONS,TOTAL,NOT SPECIFIED
FARMS & LAND & ASSETS,PRACTICES,LAND USE,CONSERVATION EASEMENT,AREA,ACRES,TOTAL,NOT SPECIFIED
FARMS & LAND & ASSETS,PRACTICES,LAND USE,CONSERVATION EASEMENT,AREA,ACRES / OPERATION,TOTAL,NOT SPECIFIED
FARMS & LAND & ASSETS,PRACTICES,LAND USE,CONSERVATION EASEMENT,AREA,OPERATIONS,TOTAL,NOT SPECIFIED
FARMS & LAND & ASSETS,PRACTICES,LAND USE,DRAINED BY ARTIFICIAL DITCHES,AREA,ACRES,TOTAL,NOT SPECIFIED
FARMS & LAND & ASSETS,PRACTICES,LAND USE,DRAINED BY ARTIFICIAL DITCHES,AREA,ACRES / OPERATION,TOTAL,NOT SPECIFIED
FARMS & LAND & ASSETS,PRACTICES,LAND USE,DRAINED BY ARTIFICIAL DITCHES,AREA,OPERATIONS,TOTAL,NOT SPECIFIED
FARMS & LAND & ASSETS,PRACTICES,LAND USE,DRAINED BY TILE,AREA,ACRES,TOTAL,NOT SPECIFIED
FARMS & LAND & ASSETS,PRACTICES,LAND USE,DRAINED BY TILE,AREA,ACRES / OPERATION,TOTAL,NOT SPECIFIED
FARMS & LAND & ASSETS,PRACTICES,LAND USE,DRAINED BY TILE,AREA,OPERATIONS,TOTAL,NOT SPECIFIED
FARMS & LAND & ASSETS,PRACTICES,"LAND USE, CROPLAND","CONSERVATION TILLAGE, (EXCL NO-TILL)",AREA,ACRES,TOTAL,NOT SPECIFIED
FARMS & LAND & ASSETS,PRACTICES,"LAND USE, CROPLAND","CONSERVATION TILLAGE, (EXCL NO-TILL)",AREA,ACRES / OPERATION,TOTAL,NOT SPECIFIED
FARMS & LAND & ASSETS,PRACTICES,"LAND USE, CROPLAND","CONSERVATION TILLAGE, (EXCL NO-TILL)",AREA,OPERATIONS,TOTAL,NOT SPECIFIED
FARMS & LAND & ASSETS,PRACTICES,"LAND USE, CROPLAND","CONSERVATION TILLAGE, NO-TILL",AREA,ACRES,TOTAL,NOT SPECIFIED
FARMS & LAND & ASSETS,PRACTICES,"LAND USE, CROPLAND","CONSERVATION TILLAGE, NO-TILL",AREA,ACRES / OPERATION,TOTAL,NOT SPECIFIED
FARMS & LAND & ASSETS,PRACTICES,"LAND USE, CROPLAND","CONSERVATION TILLAGE, NO-TILL",AREA,OPERATIONS,TOTAL,NOT SPECIFIED
FARMS & LAND & ASSETS,PRACTICES,"LAND USE, CROPLAND",CONVENTIONAL TILLAGE,AREA,ACRES,TOTAL,NOT SPECIFIED
FARMS & LAND & ASSETS,PRACTICES,"LAND USE, CROPLAND",CONVENTIONAL TILLAGE,AREA,ACRES / OPERATION,TOTAL,NOT SPECIFIED
FARMS & LAND & ASSETS,PRACTICES,"LAND USE, CROPLAND",CONVENTIONAL TILLAGE,AREA,OPERATIONS,TOTAL,NOT SPECIFIED
FARMS & LAND & ASSETS,PRACTICES,"LAND USE, CROPLAND","COVER CROP PLANTED, (EXCL CRP)",AREA,ACRES,TOTAL,NOT SPECIFIED
FARMS & LAND & ASSETS,PRACTICES,"LAND USE, CROPLAND","COVER CROP PLANTED, (EXCL CRP)",AREA,ACRES / OPERATION,TOTAL,NOT SPECIFIED
FARMS & LAND & ASSETS,PRACTICES,"LAND USE, CROPLAND","COVER CROP PLANTED, (EXCL CRP)",AREA,OPERATIONS,TOTAL,NOT SPECIFIED
FARMS & LAND & ASSETS,SELF PROPELLED,COMBINE,ALL PRODUCTION PRACTICES,INVENTORY,NUMBER,TOTAL,NOT SPECIFIED
FARMS & LAND & ASSETS,SELF PROPELLED,COMBINE,ALL PRODUCTION PRACTICES,INVENTORY,OPERATIONS,TOTAL,NOT SPECIFIED
FARMS & LAND & ASSETS,SELF PROPELLED,"COMBINE, GE 5 YEARS OLD",ALL PRODUCTION PRACTICES,INVENTORY,NUMBER,TOTAL,NOT SPECIFIED
FARMS & LAND & ASSETS,SELF PROPELLED,"COMBINE, GE 5 YEARS OLD",ALL PRODUCTION PRACTICES,INVENTORY,OPERATIONS,TOTAL,NOT SPECIFIED
FARMS & LAND & ASSETS,SELF PROPELLED,"COMBINE, LT 5 YEARS OLD",ALL PRODUCTION PRACTICES,INVENTORY,NUMBER,TOTAL,NOT SPECIFIED
FARMS & LAND & ASSETS,SELF PROPELLED,"COMBINE, LT 5 YEARS OLD",ALL PRODUCTION PRACTICES,INVENTORY,OPERATIONS,TOTAL,NOT SPECIFIED
FARMS & LAND & ASSETS,SELF PROPELLED,FORAGE HARVESTER,ALL PRODUCTION PRACTICES,INVENTORY,NUMBER,TOTAL,NOT SPECIFIED
FARMS & LAND & ASSETS,SELF PROPELLED,FORAGE HARVESTER,ALL PRODUCTION PRACTICES,INVENTORY,OPERATIONS,TOTAL,NOT SPECIFIED
FARMS & LAND & ASSETS,SELF PROPELLED,"FORAGE HARVESTER, GE 5 YEARS OLD",ALL PRODUCTION PRACTICES,INVENTORY,NUMBER,TOTAL,NOT SPECIFIED
FARMS & LAND & ASSETS,SELF PROPELLED,"FORAGE HARVESTER, GE 5 YEARS OLD",ALL PRODUCTION PRACTICES,INVENTORY,OPERATIONS,TOTAL,NOT SPECIFIED
FARMS & LAND & ASSETS,SELF PROPELLED,"FORAGE HARVESTER, LT 5 YEARS OLD",ALL PRODUCTION PRACTICES,INVENTORY,NUMBER,TOTAL,NOT SPECIFIED
FARMS & LAND & ASSETS,SELF PROPELLED,"FORAGE HARVESTER, LT 5 YEARS OLD",ALL PRODUCTION PRACTICES,INVENTORY,OPERATIONS,TOTAL,NOT SPECIFIED
FARMS & LAND & ASSETS,TRACTORS,40-99 PTO HP,ALL PRODUCTION PRACTICES,INVENTORY,NUMBER,TOTAL,NOT SPECIFIED
FARMS & LAND & ASSETS,TRACTORS,40-99 PTO HP,ALL PRODUCTION PRACTICES,INVENTORY,OPERATIONS,TOTAL,NOT SPECIFIED
FARMS & LAND & ASSETS,TRACTORS,"40-99 PTO HP, GE 5 YEARS OLD",ALL PRODUCTION PRACTICES,INVENTORY,NUMBER,TOTAL,NOT SPECIFIED
FARMS & LAND & ASSETS,TRACTORS,"40-99 PTO HP, GE 5 YEARS OLD",ALL PRODUCTION PRACTICES,INVENTORY,OPERATIONS,TOTAL,NOT SPECIFIED
FARMS & LAND & ASSETS,TRACTORS,"40-99 PTO HP, LT 5 YEARS OLD",ALL PRODUCTION PRACTICES,INVENTORY,NUMBER,TOTAL,NOT SPECIFIED
FARMS & LAND & ASSETS,TRACTORS,"40-99 PTO HP, LT 5 YEARS OLD",ALL PRODUCTION PRACTICES,INVENTORY,OPERATIONS,TOTAL,NOT SPECIFIED
FARMS & LAND & ASSETS,TRACTORS,ALL CLASSES,ALL PRODUCTION PRACTICES,INVENTORY,NUMBER,TOTAL,NOT SPECIFIED
FARMS & LAND & ASSETS,TRACTORS,ALL CLASSES,ALL PRODUCTION PRACTICES,INVENTORY,OPERATIONS,TOTAL,NOT SPECIFIED
FARMS & LAND & ASSETS,TRACTORS,GE 100 PTO HP,ALL PRODUCTION PRACTICES,INVENTORY,NUMBER,TOTAL,NOT SPECIFIED
FARMS & LAND & ASSETS,TRACTORS,GE 100 PTO HP,ALL PRODUCTION PRACTICES,INVENTORY,OPERATIONS,TOTAL,NOT SPECIFIED
FARMS & LAND & ASSETS,TRACTORS,"GE 100 PTO HP, GE 5 YEARS OLD",ALL PRODUCTION PRACTICES,INVENTORY,NUMBER,TOTAL,NOT SPECIFIED
FARMS & LAND & ASSETS,TRACTORS,"GE 100 PTO HP, GE 5 YEARS OLD",ALL PRODUCTION PRACTICES,INVENTORY,OPERATIONS,TOTAL,NOT SPECIFIED
FARMS & LAND & ASSETS,TRACTORS,"GE 100 PTO HP, LT 5 YEARS OLD",ALL PRODUCTION PRACTICES,INVENTORY,NUMBER,TOTAL,NOT SPECIFIED
FARMS & LAND & ASSETS,TRACTORS,"GE 100 PTO HP, LT 5 YEARS OLD",ALL PRODUCTION PRACTICES,INVENTORY,OPERATIONS,TOTAL,NOT SPECIFIED
FARMS & LAND & ASSETS,TRACTORS,GE 5 YEARS OLD,ALL PRODUCTION PRACTICES,INVENTORY,NUMBER,TOTAL,NOT SPECIFIED
FARMS & LAND & ASSETS,TRACTORS,GE 5 YEARS OLD,ALL PRODUCTION PRACTICES,INVENTORY,OPERATIONS,TOTAL,NOT SPECIFIED
FARMS & LAND & ASSETS,TRACTORS,LT 40 PTO HP,ALL PRODUCTION PRACTICES,INVENTORY,NUMBER,TOTAL,NOT SPECIFIED
FARMS & LAND & ASSETS,TRACTORS,LT 40 PTO HP,ALL PRODUCTION PRACTICES,INVENTORY,OPERATIONS,TOTAL,NOT SPECIFIED
FARMS & LAND & ASSETS,TRACTORS,"LT 40 PTO HP, GE 5 YEARS OLD",ALL PRODUCTION PRACTICES,INVENTORY,NUMBER,TOTAL,NOT SPECIFIED
FARMS & LAND & ASSETS,TRACTORS,"LT 40 PTO HP, GE 5 YEARS OLD",ALL PRODUCTION PRACTICES,INVENTORY,OPERATIONS,TOTAL,NOT SPECIFIED
FARMS & LAND & ASSETS,TRACTORS,"LT 40 PTO HP, LT 5 YEARS OLD",ALL PRODUCTION PRACTICES,INVENTORY,NUMBER,TOTAL,NOT SPECIFIED
FARMS & LAND & ASSETS,TRACTORS,"LT 40 PTO HP, LT 5 YEARS OLD",ALL PRODUCTION PRACTICES,INVENTORY,OPERATIONS,TOTAL,NOT SPECIFIED
FARMS & LAND & ASSETS,TRACTORS,LT 5 YEARS OLD,ALL PRODUCTION PRACTICES,INVENTORY,NUMBER,TOTAL,NOT SPECIFIED
FARMS & LAND & ASSETS,TRACTORS,LT 5 YEARS OLD,ALL PRODUCTION PRACTICES,INVENTORY,OPERATIONS,TOTAL,NOT SPECIFIED
FARMS & LAND & ASSETS,TRUCKS,INCL PICKUPS,ALL PRODUCTION PRACTICES,INVENTORY,NUMBER,TOTAL,NOT SPECIFIED
FARMS & LAND & ASSETS,TRUCKS,INCL PICKUPS,ALL PRODUCTION PRACTICES,INVENTORY,OPERATIONS,TOTAL,NOT SPECIFIED
FARMS & LAND & ASSETS,TRUCKS,"INCL PICKUPS, GE 5 YEARS OLD",ALL PRODUCTION PRACTICES,INVENTORY,NUMBER,TOTAL,NOT SPECIFIED
FARMS & LAND & ASSETS,TRUCKS,"INCL PICKUPS, GE 5 YEARS OLD",ALL PRODUCTION PRACTICES,INVENTORY,OPERATIONS,TOTAL,NOT SPECIFIED
FARMS & LAND & ASSETS,TRUCKS,"INCL PICKUPS, LT 5 YEARS OLD",ALL PRODUCTION PRACTICES,INVENTORY,NUMBER,TOTAL,NOT SPECIFIED
FARMS & LAND & ASSETS,TRUCKS,"INCL PICKUPS, LT 5 YEARS OLD",ALL PRODUCTION PRACTICES,INVENTORY,OPERATIONS,TOTAL,NOT SPECIFIED
INCOME,CCC LOANS,ALL CLASSES,ALL PRODUCTION PRACTICES,RECEIPTS,$,TOTAL,NOT SPECIFIED
INCOME,CCC LOANS,ALL CLASSES,ALL PRODUCTION PRACTICES,RECEIPTS,OPERATIONS,TOTAL,NOT SPECIFIED
INCOME,CCC LOANS,ALL CLASSES,ALL PRODUCTION PRACTICES,REPAYMENTS,$,TOTAL,NOT SPECIFIED
INCOME,CCC LOANS,ALL CLASSES,ALL PRODUCTION PRACTICES,REPAYMENTS,OPERATIONS,TOTAL,NOT SPECIFIED
INCOME,COMMODITY TOTALS,ALL CLASSES,ALL PRODUCTION PRACTICES,SALES,$,FARM SALES,"FARM SALES: (1,000 TO 2,499 $)"
INCOME,COMMODITY TOTALS,ALL CLASSES,ALL PRODUCTION PRACTICES,SALES,$,FARM SALES,"FARM SALES: (10,000 TO 19,999 $)"
INCOME,COMMODITY TOTALS,ALL CLASSES,ALL PRODUCTION PRACTICES,SALES,$,FARM SALES,"FARM SALES: (100,000 TO 249,999 $)"
INCOME,COMMODITY TOTALS,ALL CLASSES,ALL PRODUCTION PRACTICES,SALES,$,FARM SALES,"FARM SALES: (2,500 TO 4,999 $)"
INCOME,COMMODITY TOTALS,ALL CLASSES,ALL PRODUCTION PRACTICES,SALES,$,FARM SALES,"FARM SALES: (20,000 TO 24,999 $)"
INCOME,COMMODITY TOTALS,ALL CLASSES,ALL PRODUCTION PRACTICES,SALES,$,FARM SALES,"FARM SALES: (25,000 TO 39,999 $)"
INCOME,COMMODITY TOTALS,ALL CLASSES,ALL PRODUCTION PRACTICES,SALES,$,FARM SALES,"FARM SALES: (250,000 TO 499,999 $)"
INCOME,COMMODITY TOTALS,ALL CLASSES,ALL PRODUCTION PRACTICES,SALES,$,FARM SALES,"FARM SALES: (40,000 TO 49,999 $)"
INCOME,COMMODITY TOTALS,ALL CLASSES,ALL PRODUCTION PRACTICES,SALES,$,FARM SALES,"FARM SALES: (5,000 TO 9,999 $)"
INCOME,COMMODITY TOTALS,ALL CLASSES,ALL PRODUCTION PRACTICES,SALES,$,FARM SALES,"FARM SALES: (50,000 TO 99,999 $)"
INCOME,COMMODITY TOTALS,ALL CLASSES,ALL PRODUCTION PRACTICES,SALES,$,FARM SALES,"FARM SALES: (500,000 OR MORE $)"
INCOME,COMMODITY TOTALS,ALL CLASSES,ALL PRODUCTION PRACTICES,SALES,$,FARM SALES,"FARM SALES: (LESS THAN 1,000 $)"
INCOME,COMMODITY TOTALS,ALL CLASSES,ALL PRODUCTION PRACTICES,SALES,$,TOTAL,NOT SPECIFIED
INCOME,COMMODITY TOTALS,ALL CLASSES,ALL PRODUCTION PRACTICES,SALES,$ / OPERATION,TOTAL,NOT SPECIFIED
INCOME,COMMODITY TOTALS,ALL CLASSES,ALL PRODUCTION PRACTICES,SALES,OPERATIONS,FARM SALES,"FARM SALES: (1,000 TO 2,499 $)"
INCOME,COMMODITY TOTALS,ALL CLASSES,ALL PRODUCTION PRACTICES,SALES,OPERATIONS,FARM SALES,"FARM SALES: (10,000 TO 19,999 $)"
INCOME,COMMODITY TOTALS,ALL CLASSES,ALL PRODUCTION PRACTICES,SALES,OPERATIONS,FARM SALES,"FARM SALES: (10,000 TO 24,999 $)"
INCOME,COMMODITY TOTALS,ALL CLASSES,ALL PRODUCTION PRACTICES,SALES,OPERATIONS,FARM SALES,"FARM SALES: (100,000 OR MORE $)"
INCOME,COMMODITY TOTALS,ALL CLASSES,ALL PRODUCTION PRACTICES,SALES,OPERATIONS,FARM SALES,"FARM SALES: (100,000 TO 249,999 $)"
INCOME,COMMODITY TOTALS,ALL CLASSES,ALL PRODUCTION PRACTICES,SALES,OPERATIONS,FARM SALES,"FARM SALES: (2,500 TO 4,999 $)"
INCOME,COMMODITY TOTALS,ALL CLASSES,ALL PRODUCTION PRACTICES,SALES,OPERATIONS,FARM SALES,"FARM SALES: (20,000 TO 24,999 $)"
INCOME,COMMODITY TOTALS,ALL CLASSES,ALL PRODUCTION PRACTICES,SALES,OPERATIONS,FARM SALES,"FARM SALES: (25,000 TO 39,999 $)"
INCOME,COMMODITY TOTALS,ALL CLASSES,ALL PRODUCTION PRACTICES,SALES,OPERATIONS,FARM SALES,"FARM SALES: (25,000 TO 49,999 $)"
INCOME,COMMODITY TOTALS,ALL CLASSES,ALL PRODUCTION PRACTICES,SALES,OPERATIONS,FARM SALES,"FARM SALES: (250,000 TO 499,999 $)"
INCOME,COMMODITY TOTALS,ALL CLASSES,ALL PRODUCTION PRACTICES,SALES,OPERATIONS,FARM SALES,"FARM SALES: (40,000 TO 49,999 $)"
INCOME,COMMODITY TOTALS,ALL CLASSES,ALL PRODUCTION PRACTICES,SALES,OPERATIONS,FARM SALES,"FARM SALES: (5,000 TO 9,999 $)"
INCOME,COMMODITY TOTALS,ALL CLASSES,ALL PRODUCTION PRACTICES,SALES,OPERATIONS,FARM SALES,"FARM SALES: (50,000 TO 99,999 $)"
INCOME,COMMODITY TOTALS,ALL CLASSES,ALL PRODUCTION PRACTICES,SALES,OPERATIONS,FARM SALES,"FARM SALES: (500,000 OR MORE $)"
INCOME,COMMODITY TOTALS,ALL CLASSES,ALL PRODUCTION PRACTICES,SALES,OPERATIONS,FARM SALES,"FARM SALES: (LESS THAN 1,000 $)"
INCOME,COMMODITY TOTALS,ALL CLASSES,ALL PRODUCTION PRACTICES,SALES,OPERATIONS,FARM SALES,"FARM SALES: (LESS THAN 2,500 $)"
INCOME,COMMODITY TOTALS,ALL CLASSES,ALL PRODUCTION PRACTICES,SALES,OPERATIONS,TOTAL,NOT SPECIFIED
INCOME,COMMODITY TOTALS,ALL CLASSES,ORGANIC,SALES,$,ORGANIC STATUS,ORGANIC STATUS: (NOP USDA CERTIFIED & EXEMPT)
INCOME,COMMODITY TOTALS,ALL CLASSES,ORGANIC,SALES,$,ORGANIC STATUS AND SALES,"ORGANIC STATUS: (NOP USDA CERTIFIED & EXEMPT) AND SALES: (5,000 OR MORE $)"
INCOME,COMMODITY TOTALS,ALL CLASSES,ORGANIC,SALES,$,ORGANIC STATUS AND SALES,"ORGANIC STATUS: (NOP USDA CERTIFIED & EXEMPT) AND SALES: (LESS THAN 5,000 $)"
INCOME,COMMODITY TOTALS,ALL CLASSES,ORGANIC,SALES,OPERATIONS,ORGANIC STATUS,ORGANIC STATUS: (NOP USDA CERTIFIED & EXEMPT)
INCOME,COMMODITY TOTALS,ALL CLASSES,ORGANIC,SALES,OPERATIONS,ORGANIC STATUS AND SALES,"ORGANIC STATUS: (NOP USDA CERTIFIED & EXEMPT) AND SALES: (5,000 OR MORE $)"
INCOME,COMMODITY TOTALS,ALL CLASSES,ORGANIC,SALES,OPERATIONS,ORGANIC STATUS AND SALES,"ORGANIC STATUS: (NOP USDA CERTIFIED & EXEMPT) AND SALES: (LESS THAN 5,000 $)"
INCOME,COMMODITY TOTALS,ALL CLASSES,PRODUCED AND SOLD VALUE-ADDED PRODUCTS,SALES,$,TOTAL,NOT SPECIFIED
INCOME,COMMODITY TOTALS,ALL CLASSES,PRODUCED AND SOLD VALUE-ADDED PRODUCTS,SALES,OPERATIONS,TOTAL,NOT SPECIFIED
INCOME,COMMODITY TOTALS,INCL VALUE-ADDED,ALL PRODUCTION PRACTICES,SALES,$,TOTAL,NOT SPECIFIED
INCOME,COMMODITY TOTALS,INCL VALUE-ADDED,ALL PRODUCTION PRACTICES,SALES,OPERATIONS,TOTAL,NOT SPECIFIED
INCOME,COMMODITY TOTALS,INCL VALUE-ADDED,"WHOLESALE, DIRECT TO RETAILERS & INSTITUTIONS & FOOD HUBS, LOCAL OR REGIONALLY BRANDED PRODUCTS",SALES,$,TOTAL,NOT SPECIFIED
INCOME,COMMODITY TOTALS,INCL VALUE-ADDED,"WHOLESALE, DIRECT TO RETAILERS & INSTITUTIONS & FOOD HUBS, LOCAL OR REGIONALLY BRANDED PRODUCTS",SALES,OPERATIONS,TOTAL,NOT SPECIFIED
INCOME,GOVT PROGRAMS,FEDERAL,ALL PRODUCTION PRACTICES,RECEIPTS,$,TOTAL,NOT SPECIFIED
INCOME,GOVT PROGRAMS,FEDERAL,ALL PRODUCTION PRACTICES,RECEIPTS,$ / OPERATION,TOTAL,NOT SPECIFIED
INCOME,GOVT PROGRAMS,FEDERAL,ALL PRODUCTION PRACTICES,RECEIPTS,OPERATIONS,TOTAL,NOT SPECIFIED
INCOME,GOVT PROGRAMS,"FEDERAL, (EXCL CONSERVATION & WETLANDS)",ALL PRODUCTION PRACTICES,RECEIPTS,$,TOTAL,NOT SPECIFIED
INCOME,GOVT PROGRAMS,"FEDERAL, (EXCL CONSERVATION & WETLANDS)",ALL PRODUCTION PRACTICES,RECEIPTS,$ / OPERATION,TOTAL,NOT SPECIFIED
INCOME,GOVT PROGRAMS,"FEDERAL, (EXCL CONSERVATION & WETLANDS)",ALL PRODUCTION PRACTICES,RECEIPTS,OPERATIONS,TOTAL,NOT SPECIFIED
INCOME,GOVT PROGRAMS,"FEDERAL, CONSERVATION & WETLANDS",ALL PRODUCTION PRACTICES,RECEIPTS,$,TOTAL,NOT SPECIFIED
INCOME,GOVT PROGRAMS,"FEDERAL, CONSERVATION & WETLANDS",ALL PRODUCTION PRACTICES,RECEIPTS,$ / OPERATION,TOTAL,NOT SPECIFIED
INCOME,GOVT PROGRAMS,"FEDERAL, CONSERVATION & WETLANDS",ALL PRODUCTION PRACTICES,RECEIPTS,OPERATIONS,TOTAL,NOT SPECIFIED
INCOME,"INCOME, FARM-RELATED","AG SERVICES, CUSTOMWORK & OTHER",ALL PRODUCTION PRACTICES,RECEIPTS,$,TOTAL,NOT SPECIFIED
INCOME,"INCOME, FARM-RELATED","AG SERVICES, CUSTOMWORK & OTHER",ALL PRODUCTION PRACTICES,RECEIPTS,OPERATIONS,TOTAL,NOT SPECIFIED
INCOME,"INCOME, FARM-RELATED",AG TOURISM & RECREATIONAL SERVICES,ALL PRODUCTION PRACTICES,RECEIPTS,$,TOTAL,NOT SPECIFIED
INCOME,"INCOME, FARM-RELATED",AG TOURISM & RECREATIONAL SERVICES,ALL PRODUCTION PRACTICES,RECEIPTS,OPERATIONS,TOTAL,NOT SPECIFIED
INCOME,"INCOME, FARM-RELATED",ALL CLASSES,ALL PRODUCTION PRACTICES,RECEIPTS,$,TOTAL,NOT SPECIFIED
INCOME,"INCOME, FARM-RELATED",ALL CLASSES,ALL PRODUCTION PRACTICES,RECEIPTS,$ / OPERATION,TOTAL,NOT SPECIFIED
INCOME,"INCOME, FARM-RELATED",ALL CLASSES,ALL PRODUCTION PRACTICES,RECEIPTS,OPERATIONS,TOTAL,NOT SPECIFIED
INCOME,"INCOME, FARM-RELATED",CROP & ANIMAL INSURANCE PAYMENTS,ALL PRODUCTION PRACTICES,RECEIPTS,$,TOTAL,NOT SPECIFIED
INCOME,"INCOME, FARM-RELATED",CROP & ANIMAL INSURANCE PAYMENTS,ALL PRODUCTION PRACTICES,RECEIPTS,OPERATIONS,TOTAL,NOT SPECIFIED
INCOME,"INCOME, FARM-RELATED","FOREST PRODUCTS, (EXCL CHRISTMAS TREES & SHORT TERM WOODY TREES & MAPLE SYRUP)",ALL PRODUCTION PRACTICES,RECEIPTS,$,TOTAL,NOT SPECIFIED
INCOME,"INCOME, FARM-RELATED","FOREST PRODUCTS, (EXCL CHRISTMAS TREES & SHORT TERM WOODY TREES & MAPLE SYRUP)",ALL PRODUCTION PRACTICES,RECEIPTS,OPERATIONS,TOTAL,NOT SPECIFIED
INCOME,"INCOME, FARM-RELATED","GOVT PROGRAMS, STATE & LOCAL",ALL PRODUCTION PRACTICES,RECEIPTS,$,TOTAL,NOT SPECIFIED
INCOME,"INCOME, FARM-RELATED","GOVT PROGRAMS, STATE & LOCAL",ALL PRODUCTION PRACTICES,RECEIPTS,$ / OPERATION,TOTAL,NOT SPECIFIED
INCOME,"INCOME, FARM-RELATED","GOVT PROGRAMS, STATE & LOCAL",ALL PRODUCTION PRACTICES,RECEIPTS,OPERATIONS,TOTAL,NOT SPECIFIED
INCOME,"INCOME, FARM-RELATED",OTHER,ALL PRODUCTION PRACTICES,RECEIPTS,$,TOTAL,NOT SPECIFIED
INCOME,"INCOME, FARM-RELATED",OTHER,ALL PRODUCTION PRACTICES,RECEIPTS,OPERATIONS,TOTAL,NOT SPECIFIED
INCOME,"INCOME, FARM-RELATED",PATRONAGE DIVIDENDS & REFUNDS FROM COOPERATIVES,ALL PRODUCTION PRACTICES,RECEIPTS,$,TOTAL,NOT SPECIFIED
INCOME,"INCOME, FARM-RELATED",PATRONAGE DIVIDENDS & REFUNDS FROM COOPERATIVES,ALL PRODUCTION PRACTICES,RECEIPTS,OPERATIONS,TOTAL,NOT SPECIFIED
INCOME,"INCOME, FARM-RELATED","RENT, LAND & BUILDINGS",ALL PRODUCTION PRACTICES,RECEIPTS,$,TOTAL,NOT SPECIFIED
INCOME,"INCOME, FARM-RELATED","RENT, LAND & BUILDINGS",ALL PRODUCTION PRACTICES,RECEIPTS,OPERATIONS,TOTAL,NOT SPECIFIED
INCOME,"INCOME, NET CASH FARM",OF OPERATIONS,ALL PRODUCTION PRACTICES,GAIN,$ / OPERATION,TOTAL,NOT SPECIFIED
INCOME,"INCOME, NET CASH FARM",OF OPERATIONS,ALL PRODUCTION PRACTICES,GAIN,OPERATIONS,TOTAL,NOT SPECIFIED
INCOME,"INCOME, NET CASH FARM",OF OPERATIONS,ALL PRODUCTION PRACTICES,LOSS,$ / OPERATION,TOTAL,NOT SPECIFIED
INCOME,"INCOME, NET CASH FARM",OF OPERATIONS,ALL PRODUCTION PRACTICES,LOSS,OPERATIONS,TOTAL,NOT SPECIFIED
INCOME,"INCOME, NET CASH FARM",OF OPERATIONS,ALL PRODUCTION PRACTICES,NET INCOME,$,TOTAL,NOT SPECIFIED
INCOME,"INCOME, NET CASH FARM",OF OPERATIONS,ALL PRODUCTION PRACTICES,NET INCOME,$ / OPERATION,TOTAL,NOT SPECIFIED
INCOME,"INCOME, NET CASH FARM",OF OPERATIONS,ALL PRODUCTION PRACTICES,NET INCOME,OPERATIONS,TOTAL,NOT SPECIFIED
INCOME,"INCOME, NET CASH FARM",OF PRODUCERS,ALL PRODUCTION PRACTICES,GAIN,$ / OPERATION,TOTAL,NOT SPECIFIED
INCOME,"INCOME, NET CASH FARM",OF PRODUCERS,ALL PRODUCTION PRACTICES,GAIN,OPERATIONS,TOTAL,NOT SPECIFIED
INCOME,"INCOME, NET CASH FARM",OF PRODUCERS,ALL PRODUCTION PRACTICES,LOSS,$ / OPERATION,TOTAL,NOT SPECIFIED
INCOME,"INCOME, NET CASH FARM",OF PRODUCERS,ALL PRODUCTION PRACTICES,LOSS,OPERATIONS,TOTAL,NOT SPECIFIED
INCOME,"INCOME, NET CASH FARM",OF PRODUCERS,ALL PRODUCTION PRACTICES,NET INCOME,$,TOTAL,NOT SPECIFIED
INCOME,"INCOME, NET CASH FARM",OF PRODUCERS,ALL PRODUCTION PRACTICES,NET INCOME,$ / OPERATION,TOTAL,NOT SPECIFIED
